id,question_number,english,urdu,true_mismatch
B001,1,What is the SI unit of force? A) Newton B) Joule C) Watt D) Pascal,قوہ کا SI یونٹ کیا ہے؟ A) نیوٹن B) جول C) واٹ D) پاسکل,none
B002,2,A car accelerates from rest at 2 m/s² for 5 s. What is its final velocity? A) 5 m/s B) 10 m/s C) 15 m/s D) 20 m/s,ایک کار حالت سکون سے 2 میٹر فی سیکنڈ مربع کے ساتھ 5 سیکنڈ تک تیز ہوتی ہے۔ اس کی آخری رفتار کیا ہوگی؟ A) 5 میٹر فی سیکنڈ B) 10 میٹر فی سیکنڈ C) 15 میٹر فی سیکنڈ D) 20 میٹر فی سیکنڈ,none
B003,3,Which gas is most abundant in Earth's atmosphere? A) Oxygen B) Nitrogen C) Carbon dioxide D) Hydrogen,زمین کی فضا میں سب سے زیادہ کونسی گیس پائی جاتی ہے؟ A) آکسیجن B) نیٹروجن C) کاربن ڈائی آکسائیڈ D) ہائیڈروجن,none
B004,4,A block of mass 10 kg is lifted to a height of 5 m. Calculate its potential energy. A) 50 J B) 100 J C) 500 J D) 1000 J,10 کلوگرام کے ایک بلاک کو 50 میٹر کی بلندی تک اٹھایا جاتا ہے۔ اس کی صلاحیت توانائی نکالیں۔ A) 50 جول B) 100 جول C) 500 جول D) 1000 جول,numeric
B005,5,How many protons are in a neutral atom of carbon-12? A) 6 B) 12 C) 8 D) 14,کاربن-12 کے غیر جانبدار ایٹم میں کتنے پروٹون ہوتے ہیں؟ A) 6 B) 12 C) 8 D) 14,numeric
B006,6,"If 2 moles of an ideal gas occupy 44.8 L at STP, how many moles occupy 22.4 L? A) 0.5 B) 1 C) 2 D) 4",اگر 2 مول مثالی گیس STP پر 44.8 لیٹر جگہ لیتی ہے، تو 22.4 لیٹر کتنے مول لیں گے؟ A) 0.5 B) 1 C) 2 D) 4,numeric
B007,7,The temperature of boiling water at standard pressure is 100 °C. What is it in Kelvin? A) 273 K B) 373 K C) 100 K D) 0 K,معیاری دباؤ پر ابلتے پانی کا درجہ حرارت 100 ڈگری فارنہائٹ ہے۔ یہ کیلون میں کتنا ہوگا؟ A) 273 K B) 373 K C) 100 K D) 0 K,unit
B008,8,A student measures a length as 25 cm. Express this in metres. A) 0.25 m B) 2.5 m C) 25 m D) 250 m,ایک طالب علم لمبائی 25 میٹر ماپتا ہے۔ اسے میٹر میں ظاہر کریں۔ A) 0.25 m B) 2.5 m C) 25 m D) 250 m,unit
B009,9,A bag contains 5 kg of rice. What is its weight on Earth? A) 5 N B) 50 N C) 0.5 N D) 500 N,ایک تھیلی میں 5 گرام چاول ہیں۔ زمین پر اس کا وزن کتنا ہوگا؟ A) 5 N B) 50 N C) 0.5 N D) 500 N,unit
B010,10,Which of the following is NOT a noble gas? A) Neon B) Argon C) Nitrogen D) Krypton,مندرجہ ذیل میں سے کونسی نوبل گیس ہے؟ A) نیئون B) آرگن C) نیٹروجن D) کرپٹون,negation
B011,11,A scalar quantity has no direction. Which quantity is NOT a scalar? A) Speed B) Distance C) Velocity D) Mass,اسکیلر مقدار کی کوئی سمت نہیں ہوتی۔ کونسی مقدار اسکیلر ہے؟ A) رفتار B) فاصلہ C) سمتار رفتار D) وزن,negation
B012,12,All metals conduct electricity. Which material does NOT conduct electricity? A) Copper B) Iron C) Rubber D) Aluminium,تمام دھاتیں بجلی چلاتی ہیں۔ کونسا مادہ بجلی چلاتا ہے؟ A) تانبا B) لوہا C) ربڑ D) ایلومینیم,negation
B013,13,What is the chemical formula of water? A) H₂O B) CO₂ C) NaCl D) O₂,پانی کا کیمیائی فارمولا کیا ہے؟ A) CO₂ B) H₂O C) NaCl D) O₂,option
B014,14,Which organ produces insulin? A) Liver B) Pancreas C) Kidney D) Stomach,انسولین کون سا عضو بناتا ہے؟ A) جگر B) معدہ C) گردہ D) پینکریاز,option
B015,15,What is the value of π approximately? A) 3.14 B) 2.71 C) 1.41 D) 1.73,π کی تقریباً قیمت کتنی ہے؟ A) 2.71 B) 3.14 C) 1.41 D) 1.73,option
B016,16,The formula for kinetic energy is KE = ½mv². What does m represent? A) Mass B) Velocity C) Time D) Distance,حرکی توانائی کا فارمولا KE = ½mv ہے۔ y کسے ظاہر کرتا ہے؟ A) کمیت B) رفتار C) وقت D) فاصلہ,formula
B017,17,Which equation represents Ohm's Law? A) V = IR B) P = IV C) E = mc² D) F = ma,آم کا قانون کس مساوات سے ظاہر ہوتا ہے؟ A) V = IR B) P = IV C) E = mc² D) F = ma,formula
B018,18,The chemical formula of methane is CH₄. How many hydrogen atoms are in one molecule? A) 1 B) 4 C) 2 D) 3,میتھین کا کیمیائی فارمولا CH ہے۔ ایک سالمے میں کتنے ہائیڈروجن ایٹم ہوتے ہیں؟ A) 1 B) 4 C) 2 D) 3,formula
B019,19,Who proposed the planetary model of the atom? A) Rutherford B) Dalton C) Bohr D) Thomson,ایٹم کے سیاروی نمونے کا تصور کس نے پیش کیا؟ A) دالتن B) رutherford C) بوہر D) تھامسن,entity
B020,20,The Lahore Board published a Chemistry paper with a parity error. Which board was involved? A) Lahore Board B) Federal Board C) Karachi Board D) Peshawar Board,کراچی بورڈ نے کیمسٹری کا پرچہ شائع کیا جس میں مساوات کی خرابی تھی۔ کس بورڈ کا معاملہ تھا؟ A) لاہور بورڈ B) وفاقی بورڈ C) کراچی بورڈ D) پشاور بورڈ,entity
B021,21,Newtons laws of motion were published in Principia Mathematica. A) Newton B) Einstein C) Galileo D) Aristotle,حرکت کے قوانین نیوٹن نے Principia Mathematica میں شائع کیے تھے۔ A) نیوٹن B) آئنسٹائن C) گلیلیو D) ارسطو,none
B022,22,"Assuming no air resistance, a stone dropped from rest falls 20 m in 2 s. What is its acceleration? A) 5 m/s² B) 9.8 m/s² C) 10 m/s² D) 20 m/s²",ایک پتھر حالت سکون سے 2 سیکنڈ میں 20 میٹر نیچے گر جاتا ہے۔ اس کی اسراع کیا ہوگی؟ A) 5 m/s² B) 9.8 m/s² C) 10 m/s² D) 20 m/s²,condition
B023,23,"If the temperature remains constant, what happens to the pressure of a gas when its volume is halved? A) Doubles B) Halves C) Remains same D) Becomes zero",جب کسی گیس کا حجم آدھا کر دیا جائے تو اس کے دباؤ پر کیا اثر پڑتا ہے؟ A) دوگنا B) آدھا C) برقرار D) صفر,condition
B024,24,"Given that x + 2y = 10 and y = 2, find x. A) 6 B) 8 C) 4 D) 2",x + 2y = 10، y کی قیمت معلوم کریں۔ A) 6 B) 8 C) 4 D) 2,condition
B025,25,What causes seasons on Earth? A) Earths tilt B) Distance from Sun C) Earths rotation D) Solar flares,زمین پر دن اور رات کیوں ہوتے ہیں؟ A) زمین کا جھکاؤ B) سورج سے فاصلہ C) زمین کا گردش D) شمسی شعلے,semantic
B026,26,Define photosynthesis. A) Conversion of light energy to chemical energy B) Breakdown of glucose C) Exchange of gases D) Transpiration,فوٹو سنتھیسز کی تعریف کریں۔ A) روشنی توانائی کو کیمیائی توانائی میں تبدیل کرنا B) گلوکوز کا ٹوٹنا C) گیسوں کا تبادلہ D) بخارات اخراج,semantic
B027,27,Which process describes water changing from liquid to gas? A) Evaporation B) Condensation C) Freezing D) Melting,وہ کونسی عمل ہے جس میں پانی گیس سے مائع بنتا ہے؟ A) بخارات B) میعان C) جماؤ D) پگھلنا,semantic
B028,28,What is the function of the heart in the human body? A) Pump blood B) Filter waste C) Digest food D) Produce hormones,انسانی جسم میں گردوں کا کام کیا ہے؟ A) خون پمپ کرنا B) فضلہ خارج کرنا C) خوراک ہضم کرنا D) ہارمونز پیدا کرنا,semantic
B029,29,Why does a concave lens diverge light rays? A) It is thinner at centre B) It is thicker at centre C) It reflects light D) It absorbs light,قوسی عدسہ روشنی کے شعاعوں کو کیوں مرکوز کرتا ہے؟ A) یہ مرکز سے پتلا ہے B) یہ مرکز سے موٹا ہے C) یہ روشنی منعکس کرتا ہے D) یہ روشنی جذب کرتا ہے,semantic
B030,30,Calculate the area of a circle with radius 7 cm. A) 154 cm² B) 44 cm² C) 22 cm² D) 308 cm²,7 سینٹی میٹر رداس والے دائرے کا رقبہ نکالیں۔ A) 154 cm² B) 44 cm² C) 22 cm² D) 308 cm²,semantic
